{
  "appId": "com.anyteamup.anyteamup",
  "appName": "AnyTeamup",
  "bundledWebRuntime": false,
  "npmClient": "npm",
  "webDir": "www",
  "linuxAndroidStudioPath": "/var/lib/snapd/snap/bin/android-studio",
  "plugins": {
    "SplashScreen": {
      "launchAutoHide": false,
      "androidSplashResourceName": "splash",
      "androidScaleType": "CENTER_CROP",
      "showSpinner": false,
      "splashFullScreen": true
    },
    "GoogleAuth": {
      "scopes": [
        "profile",
        "email"
      ],
      "serverClientId": "185528314210-rvie896d2psqol449pn1ecrk23ds84ud.apps.googleusercontent.com",
      "forceCodeForRefreshToken": true
    }
  },
  "cordova": {
    "preferences": {
      "ScrollEnabled": "false",
      "BackupWebStorage": "none",
      "SplashMaintainAspectRatio": "true"
    }
  }
}
